id,value
Euryarchaeota.Methanobrevibacter.Methanobrevibacter_smithii,474.00000000000006
Actinobacteria.Actinobaculum.Actinobaculum_sp_oral_taxon_183,0.0
Actinobacteria.Actinomyces.Actinomyces_cardiffensis,0.0
Actinobacteria.Actinomyces.Actinomyces_georgiae,0.0
Actinobacteria.Actinomyces.Actinomyces_graevenitzii,0.0
Actinobacteria.Actinomyces.Actinomyces_hongkongensis,0.0
Actinobacteria.Actinomyces.Actinomyces_johnsonii,0.0
Actinobacteria.Actinomyces.Actinomyces_massiliensis,0.0
Actinobacteria.Actinomyces.Actinomyces_meyeri,0.0
Actinobacteria.Actinomyces.Actinomyces_naeslundii,0.0
Actinobacteria.Actinomyces.Actinomyces_odontolyticus,642.0
Actinobacteria.Actinomyces.Actinomyces_oris,0.0
Actinobacteria.Actinomyces.Actinomyces_sp_HMSC035G02,0.0
Actinobacteria.Actinomyces.Actinomyces_sp_HPA0247,0.0
Actinobacteria.Actinomyces.Actinomyces_sp_ICM47,251.0
Actinobacteria.Actinomyces.Actinomyces_sp_S6_Spd3,0.0
Actinobacteria.Actinomyces.Actinomyces_sp_oral_taxon_170,0.0
Actinobacteria.Actinomyces.Actinomyces_sp_oral_taxon_180,0.0
Actinobacteria.Actinomyces.Actinomyces_sp_oral_taxon_181,0.0
Actinobacteria.Actinomyces.Actinomyces_sp_oral_taxon_414,0.0
Actinobacteria.Actinomyces.Actinomyces_sp_oral_taxon_448,0.0
Actinobacteria.Actinomyces.Actinomyces_sp_oral_taxon_897,0.0
Actinobacteria.Actinomyces.Actinomyces_viscosus,0.0
Actinobacteria.Aeriscardovia.Aeriscardovia_aeriphila,0.0
Actinobacteria.Alloscardovia.Alloscardovia_omnicolens,0.0
Actinobacteria.Bifidobacterium.Bifidobacterium_adolescentis,965.0000000000001
Actinobacteria.Bifidobacterium.Bifidobacterium_angulatum,0.0
Actinobacteria.Bifidobacterium.Bifidobacterium_animalis,0.0
Actinobacteria.Bifidobacterium.Bifidobacterium_bifidum,0.0
Actinobacteria.Bifidobacterium.Bifidobacterium_catenulatum,0.0
Actinobacteria.Bifidobacterium.Bifidobacterium_dentium,0.0
Actinobacteria.Bifidobacterium.Bifidobacterium_longum,0.0
Actinobacteria.Bifidobacterium.Bifidobacterium_pseudocatenulatum,0.0
Actinobacteria.Parascardovia.Parascardovia_denticolens,0.0
Actinobacteria.Scardovia.Scardovia_wiggsiae,0.0
Actinobacteria.Corynebacterium.Corynebacterium_argentoratense,0.0
Actinobacteria.Corynebacterium.Corynebacterium_durum,0.0
Actinobacteria.Corynebacterium.Corynebacterium_matruchotii,0.0
Actinobacteria.Micrococcus.Micrococcus_aloeverae,0.0
Actinobacteria.Micrococcus.Micrococcus_luteus,0.0
Actinobacteria.Rothia.Rothia_aeria,0.0
Actinobacteria.Rothia.Rothia_dentocariosa,0.0
Actinobacteria.Rothia.Rothia_mucilaginosa,4210.0
Actinobacteria.Cutibacterium.Cutibacterium_acnes,0.0
Actinobacteria.Cutibacterium.Cutibacterium_granulosum,0.0
Actinobacteria.Propionibacterium.Propionibacterium_acidifaciens,0.0
Actinobacteria.Pseudopropionibacterium.Pseudopropionibacterium_propionicum,0.0
Actinobacteria.Atopobium.Atopobium_minutum,0.0
Actinobacteria.Atopobium.Atopobium_parvulum,0.0
Actinobacteria.Atopobium.Atopobium_rimae,0.0
Actinobacteria.Olsenella.Olsenella_scatoligenes,50.99999999999999
Actinobacteria.Olsenella.Olsenella_uli,0.0
Actinobacteria.Collinsella.Collinsella_aerofaciens,131552.0
Actinobacteria.Collinsella.Collinsella_intestinalis,0.0
Actinobacteria.Collinsella.Collinsella_stercoris,441.0
Actinobacteria.Enorma.Collinsella_massiliensis,0.0
Actinobacteria.Adlercreutzia.Adlercreutzia_equolifaciens,0.0
Actinobacteria.Asaccharobacter.Asaccharobacter_celatus,0.0
Actinobacteria.Eggerthella.Eggerthella_lenta,0.0
Actinobacteria.Enterorhabdus.Enterorhabdus_caecimuris,0.0
Actinobacteria.Gordonibacter.Gordonibacter_pamelaeae,0.0
Actinobacteria.Slackia.Slackia_exigua,0.0
Actinobacteria.Slackia.Slackia_isoflavoniconvertens,10226.0
Bacteroidetes.Bacteroidetes_unclassified.Bacteroidetes_bacterium_oral_taxon_272,0.0
Bacteroidetes.Bacteroidetes_unclassified.Bacteroidetes_oral_taxon_274,0.0
Bacteroidetes.Bacteroides.Bacteroides_caccae,20831.0
Bacteroidetes.Bacteroides.Bacteroides_cellulosilyticus,0.0
Bacteroidetes.Bacteroides.Bacteroides_clarus,0.0
Bacteroidetes.Bacteroides.Bacteroides_coprocola,0.0
Bacteroidetes.Bacteroides.Bacteroides_coprophilus,0.0
Bacteroidetes.Bacteroides.Bacteroides_dorei,342.0
Bacteroidetes.Bacteroides.Bacteroides_eggerthii,0.0
Bacteroidetes.Bacteroides.Bacteroides_faecichinchillae,0.0
Bacteroidetes.Bacteroides.Bacteroides_faecis,0.0
Bacteroidetes.Bacteroides.Bacteroides_faecis_CAG_32,0.0
Bacteroidetes.Bacteroides.Bacteroides_finegoldii,752.9999999999999
Bacteroidetes.Bacteroides.Bacteroides_fragilis,0.0
Bacteroidetes.Bacteroides.Bacteroides_galacturonicus,572.0
Bacteroidetes.Bacteroides.Bacteroides_intestinalis,0.0
Bacteroidetes.Bacteroides.Bacteroides_massiliensis,1266.0
Bacteroidetes.Bacteroides.Bacteroides_nordii,0.0
Bacteroidetes.Bacteroides.Bacteroides_ovatus,592.0
Bacteroidetes.Bacteroides.Bacteroides_plebeius,4312.0
Bacteroidetes.Bacteroides.Bacteroides_salyersiae,0.0
Bacteroidetes.Bacteroides.Bacteroides_sp_CAG_144,0.0
Bacteroidetes.Bacteroides.Bacteroides_sp_CAG_443,3599.0
Bacteroidetes.Bacteroides.Bacteroides_sp_CAG_462,0.0
Bacteroidetes.Bacteroides.Bacteroides_sp_CAG_530,0.0
Bacteroidetes.Bacteroides.Bacteroides_sp_CAG_598,0.0
Bacteroidetes.Bacteroides.Bacteroides_sp_CAG_633,0.0
Bacteroidetes.Bacteroides.Bacteroides_stercoris,0.0
Bacteroidetes.Bacteroides.Bacteroides_thetaiotaomicron,3144.0000000000005
Bacteroidetes.Bacteroides.Bacteroides_uniformis,16948.0
Bacteroidetes.Bacteroides.Bacteroides_vulgatus,104007.0
Bacteroidetes.Bacteroides.Bacteroides_xylanisolvens,4587.0
Bacteroidetes.Barnesiella.Barnesiella_intestinihominis,3198.9999999999995
Bacteroidetes.Coprobacter.Coprobacter_fastidiosus,0.0
Bacteroidetes.Coprobacter.Coprobacter_secundus,0.0
Bacteroidetes.Butyricimonas.Butyricimonas_synergistica,0.0
Bacteroidetes.Butyricimonas.Butyricimonas_virosa,0.0
Bacteroidetes.Odoribacter.Odoribacter_splanchnicus,14885.000000000002
Bacteroidetes.Porphyromonas.Porphyromonas_asaccharolytica,0.0
Bacteroidetes.Porphyromonas.Porphyromonas_canoris,0.0
Bacteroidetes.Porphyromonas.Porphyromonas_catoniae,0.0
Bacteroidetes.Porphyromonas.Porphyromonas_endodontalis,0.0
Bacteroidetes.Porphyromonas.Porphyromonas_gingivalis,0.0
Bacteroidetes.Porphyromonas.Porphyromonas_somerae,327.0
Bacteroidetes.Porphyromonas.Porphyromonas_sp_oral_taxon_278,0.0
Bacteroidetes.Porphyromonas.Porphyromonas_uenonis,0.0
Bacteroidetes.Sanguibacteroides.Sanguibacteroides_justesenii,0.0
Bacteroidetes.Alloprevotella.Alloprevotella_rava,0.0
Bacteroidetes.Alloprevotella.Alloprevotella_tannerae,115.0
Bacteroidetes.Alloprevotella.Prevotella_sp_oral_taxon_473,0.0
Bacteroidetes.Paraprevotella.Paraprevotella_clara,0.0
Bacteroidetes.Paraprevotella.Paraprevotella_xylaniphila,1443.0
Bacteroidetes.Prevotella.Prevotella_baroniae,0.0
Bacteroidetes.Prevotella.Prevotella_bivia,0.0
Bacteroidetes.Prevotella.Prevotella_buccae,0.0
Bacteroidetes.Prevotella.Prevotella_buccalis,0.0
Bacteroidetes.Prevotella.Prevotella_copri,3617289.0000000005
Bacteroidetes.Prevotella.Prevotella_corporis,0.0
Bacteroidetes.Prevotella.Prevotella_dentalis,0.0
Bacteroidetes.Prevotella.Prevotella_denticola,0.0
Bacteroidetes.Prevotella.Prevotella_disiens,0.0
Bacteroidetes.Prevotella.Prevotella_enoeca,0.0
Bacteroidetes.Prevotella.Prevotella_fusca,0.0
Bacteroidetes.Prevotella.Prevotella_histicola,98.0
Bacteroidetes.Prevotella.Prevotella_intermedia,0.0
Bacteroidetes.Prevotella.Prevotella_jejuni,0.0
Bacteroidetes.Prevotella.Prevotella_loescheii,0.0
Bacteroidetes.Prevotella.Prevotella_maculosa,0.0
Bacteroidetes.Prevotella.Prevotella_marshii,0.0
Bacteroidetes.Prevotella.Prevotella_melaninogenica,1458.0
Bacteroidetes.Prevotella.Prevotella_micans,0.0
Bacteroidetes.Prevotella.Prevotella_multiformis,0.0
Bacteroidetes.Prevotella.Prevotella_multisaccharivorax,0.0
Bacteroidetes.Prevotella.Prevotella_nigrescens,0.0
Bacteroidetes.Prevotella.Prevotella_oralis,0.0
Bacteroidetes.Prevotella.Prevotella_oris,0.0
Bacteroidetes.Prevotella.Prevotella_oulorum,0.0
Bacteroidetes.Prevotella.Prevotella_pallens,0.0
Bacteroidetes.Prevotella.Prevotella_pleuritidis,0.0
Bacteroidetes.Prevotella.Prevotella_saccharolytica,0.0
Bacteroidetes.Prevotella.Prevotella_salivae,0.0
Bacteroidetes.Prevotella.Prevotella_scopos,0.0
Bacteroidetes.Prevotella.Prevotella_shahii,0.0
Bacteroidetes.Prevotella.Prevotella_sp_885,0.0
Bacteroidetes.Prevotella.Prevotella_sp_AM42_24,0.0
Bacteroidetes.Prevotella.Prevotella_sp_CAG_1092,0.0
Bacteroidetes.Prevotella.Prevotella_sp_CAG_279,0.0
Bacteroidetes.Prevotella.Prevotella_sp_CAG_520,0.0
Bacteroidetes.Prevotella.Prevotella_sp_CAG_5226,0.0
Bacteroidetes.Prevotella.Prevotella_sp_CAG_873,0.0
Bacteroidetes.Prevotella.Prevotella_sp_F0091,0.0
Bacteroidetes.Prevotella.Prevotella_sp_oral_taxon_299,0.0
Bacteroidetes.Prevotella.Prevotella_sp_oral_taxon_306,0.0
Bacteroidetes.Prevotella.Prevotella_sp_oral_taxon_376,0.0
Bacteroidetes.Prevotella.Prevotella_sp_oral_taxon_820,0.0
Bacteroidetes.Prevotella.Prevotella_stercorea,0.0
Bacteroidetes.Prevotella.Prevotella_timonensis,0.0
Bacteroidetes.Prevotella.Prevotella_veroralis,0.0
Bacteroidetes.Alistipes.Alistipes_finegoldii,184.0
Bacteroidetes.Alistipes.Alistipes_indistinctus,0.0
Bacteroidetes.Alistipes.Alistipes_inops,0.0
Bacteroidetes.Alistipes.Alistipes_onderdonkii,0.0
Bacteroidetes.Alistipes.Alistipes_putredinis,25047.000000000004
Bacteroidetes.Alistipes.Alistipes_shahii,1557.0
Bacteroidetes.Alistipes.Alistipes_sp_An31A,0.0
Bacteroidetes.Alistipes.Alistipes_timonensis,0.0
Bacteroidetes.Parabacteroides.Parabacteroides_distasonis,3435.0
Bacteroidetes.Parabacteroides.Parabacteroides_goldsteinii,0.0
Bacteroidetes.Parabacteroides.Parabacteroides_gordonii,0.0
Bacteroidetes.Parabacteroides.Parabacteroides_johnsonii,0.0
Bacteroidetes.Parabacteroides.Parabacteroides_merdae,965.0000000000001
Bacteroidetes.Parabacteroides.Parabacteroides_sp_CAG_409,0.0
Bacteroidetes.Tannerella.Tannerella_forsythia,0.0
Bacteroidetes.Tannerella.Tannerella_sp_oral_taxon_808,0.0
Bacteroidetes.Tannerella.Tannerella_sp_oral_taxon_HOT_286,0.0
Bacteroidetes.Capnocytophaga.Capnocytophaga_gingivalis,0.0
Bacteroidetes.Capnocytophaga.Capnocytophaga_granulosa,0.0
Bacteroidetes.Capnocytophaga.Capnocytophaga_haemolytica,0.0
Bacteroidetes.Capnocytophaga.Capnocytophaga_leadbetteri,0.0
Bacteroidetes.Capnocytophaga.Capnocytophaga_ochracea,0.0
Bacteroidetes.Capnocytophaga.Capnocytophaga_sp_oral_taxon_332,0.0
Bacteroidetes.Capnocytophaga.Capnocytophaga_sp_oral_taxon_338,0.0
Bacteroidetes.Capnocytophaga.Capnocytophaga_sp_oral_taxon_863,0.0
Bacteroidetes.Capnocytophaga.Capnocytophaga_sp_oral_taxon_878,0.0
Bacteroidetes.Capnocytophaga.Capnocytophaga_sputigena,0.0
Chloroflexi.Anaerolineaceae_unclassified.Anaerolineaceae_bacterium_oral_taxon_439,0.0
Deinococcus-Thermus.Deinococcus.Deinococcus_swuensis,0.0
Firmicutes.Bacillus.Bacillus_aerius,0.0
Firmicutes.Gemella.Gemella_bergeri,0.0
Firmicutes.Gemella.Gemella_haemolysans,127.00000000000001
Firmicutes.Gemella.Gemella_morbillorum,0.0
Firmicutes.Gemella.Gemella_sanguinis,0.0
Firmicutes.Abiotrophia.Abiotrophia_defectiva,0.0
Firmicutes.Abiotrophia.Abiotrophia_sp_HMSC24B09,0.0
Firmicutes.Granulicatella.Granulicatella_adiacens,0.0
Firmicutes.Granulicatella.Granulicatella_elegans,0.0
Firmicutes.Enterococcus.Enterococcus_durans,0.0
Firmicutes.Enterococcus.Enterococcus_faecalis,0.0
Firmicutes.Enterococcus.Enterococcus_faecium,0.0
Firmicutes.Lactobacillus.Lactobacillus_brevis,0.0
Firmicutes.Lactobacillus.Lactobacillus_curvatus,0.0
Firmicutes.Lactobacillus.Lactobacillus_delbrueckii,19432.0
Firmicutes.Lactobacillus.Lactobacillus_fermentum,0.0
Firmicutes.Lactobacillus.Lactobacillus_gasseri,0.0
Firmicutes.Lactobacillus.Lactobacillus_gastricus,0.0
Firmicutes.Lactobacillus.Lactobacillus_helveticus,0.0
Firmicutes.Lactobacillus.Lactobacillus_kefiranofaciens,0.0
Firmicutes.Lactobacillus.Lactobacillus_kefiri,0.0
Firmicutes.Lactobacillus.Lactobacillus_mucosae,0.0
Firmicutes.Lactobacillus.Lactobacillus_oris,0.0
Firmicutes.Lactobacillus.Lactobacillus_paragasseri,0.0
Firmicutes.Lactobacillus.Lactobacillus_paralimentarius,0.0
Firmicutes.Lactobacillus.Lactobacillus_plantarum,0.0
Firmicutes.Lactobacillus.Lactobacillus_rogosae,6772.0
Firmicutes.Lactobacillus.Lactobacillus_ruminis,0.0
Firmicutes.Lactobacillus.Lactobacillus_sakei,0.0
Firmicutes.Lactobacillus.Lactobacillus_zymae,0.0
Firmicutes.Pediococcus.Pediococcus_acidilactici,0.0
Firmicutes.Pediococcus.Pediococcus_sp,0.0
Firmicutes.Leuconostoc.Leuconostoc_gelidum,0.0
Firmicutes.Leuconostoc.Leuconostoc_mesenteroides,1813.0
Firmicutes.Weissella.Weissella_cibaria,0.0
Firmicutes.Weissella.Weissella_confusa,0.0
Firmicutes.Lactococcus.Lactococcus_lactis,1425.0
Firmicutes.Lactococcus.Lactococcus_petauri,0.0
Firmicutes.Lactococcus.Lactococcus_piscium,0.0
Firmicutes.Lactococcus.Lactococcus_raffinolactis,2237.0
Firmicutes.Streptococcus.Streptococcus_agalactiae,0.0
Firmicutes.Streptococcus.Streptococcus_anginosus_group,0.0
Firmicutes.Streptococcus.Streptococcus_australis,443.0
Firmicutes.Streptococcus.Streptococcus_cristatus,116.0
Firmicutes.Streptococcus.Streptococcus_gordonii,689.0
Firmicutes.Streptococcus.Streptococcus_infantarius,0.0
Firmicutes.Streptococcus.Streptococcus_infantis,2847.0
Firmicutes.Streptococcus.Streptococcus_lutetiensis,0.0
Firmicutes.Streptococcus.Streptococcus_macedonicus,0.0
Firmicutes.Streptococcus.Streptococcus_milleri,0.0
Firmicutes.Streptococcus.Streptococcus_mitis,6911.000000000001
Firmicutes.Streptococcus.Streptococcus_oralis,1351.0
Firmicutes.Streptococcus.Streptococcus_parasanguinis,0.0
Firmicutes.Streptococcus.Streptococcus_parauberis,0.0
Firmicutes.Streptococcus.Streptococcus_pasteurianus,0.0
Firmicutes.Streptococcus.Streptococcus_peroris,0.0
Firmicutes.Streptococcus.Streptococcus_pseudopneumoniae,0.0
Firmicutes.Streptococcus.Streptococcus_salivarius,3107.0
Firmicutes.Streptococcus.Streptococcus_salivarius_CAG_79,0.0
Firmicutes.Streptococcus.Streptococcus_sanguinis,447.99999999999994
Firmicutes.Streptococcus.Streptococcus_sinensis,0.0
Firmicutes.Streptococcus.Streptococcus_sp_A12,0.0
Firmicutes.Streptococcus.Streptococcus_sp_F0442,264.0
Firmicutes.Streptococcus.Streptococcus_sp_HMSC034E03,0.0
Firmicutes.Streptococcus.Streptococcus_sp_HMSC067H01,0.0
Firmicutes.Streptococcus.Streptococcus_sp_HMSC070B10,0.0
Firmicutes.Streptococcus.Streptococcus_sp_HMSC071D03,0.0
Firmicutes.Streptococcus.Streptococcus_sp_HPH0090,0.0
Firmicutes.Streptococcus.Streptococcus_sp_M334,0.0
Firmicutes.Streptococcus.Streptococcus_sp_NLAE_zl_C503,0.0
Firmicutes.Streptococcus.Streptococcus_sp_SK643,0.0
Firmicutes.Streptococcus.Streptococcus_sp_oral_taxon_056,0.0
Firmicutes.Streptococcus.Streptococcus_sp_oral_taxon_058,0.0
Firmicutes.Streptococcus.Streptococcus_thermophilus,54523.99999999999
Firmicutes.Streptococcus.Streptococcus_vestibularis,0.0
Firmicutes.Streptococcus.Streptococcus_viridans,0.0
Firmicutes.Christensenella.Christensenella_minuta,0.0
Firmicutes.Butyricicoccus.Butyricicoccus_pullicaecorum,0.0
Firmicutes.Clostridium.Clostridium_bolteae_CAG_59,0.0
Firmicutes.Clostridium.Clostridium_celatum,0.0
Firmicutes.Clostridium.Clostridium_disporicum,0.0
Firmicutes.Clostridium.Clostridium_paraputrificum,0.0
Firmicutes.Clostridium.Clostridium_perfringens,0.0
Firmicutes.Clostridium.Clostridium_sp_CAG_167,7388.0
Firmicutes.Clostridium.Clostridium_sp_CAG_242,0.0
Firmicutes.Clostridium.Clostridium_sp_CAG_253,0.0
Firmicutes.Clostridium.Clostridium_sp_CAG_299,0.0
Firmicutes.Clostridium.Clostridium_sp_CAG_413,0.0
Firmicutes.Clostridium.Clostridium_sp_CAG_510,0.0
Firmicutes.Clostridium.Clostridium_sp_CAG_58,481.99999999999994
Firmicutes.Clostridium.Clostridium_sp_CAG_590,0.0
Firmicutes.Clostridium.Clostridium_sp_CAG_632,0.0
Firmicutes.Hungatella.Hungatella_hathewayi,0.0
Firmicutes.Clostridiales_Family_XIII_Incertae_Sedis_unclassified.Eubacterium_brachy,239.00000000000003
Firmicutes.Clostridiales_Family_XIII_Incertae_Sedis_unclassified.Eubacterium_infirmum,0.0
Firmicutes.Clostridiales_Family_XIII_Incertae_Sedis_unclassified.Eubacterium_nodatum,0.0
Firmicutes.Clostridiales_Family_XIII_Incertae_Sedis_unclassified.Eubacterium_saphenum,0.0
Firmicutes.Clostridiales_Family_XIII_Incertae_Sedis_unclassified.Eubacterium_sulci,0.0
Firmicutes.Mogibacterium.Mogibacterium_diversum,0.0
Firmicutes.Mogibacterium.Mogibacterium_timidum,0.0
Firmicutes.Clostridiales_unclassified.Bacteroides_pectinophilus,20929.0
Firmicutes.Clostridiales_unclassified.Clostridiales_bacterium_1_7_47FAA,0.0
Firmicutes.Intestinimonas.Intestinimonas_butyriciproducens,0.0
Firmicutes.Lawsonibacter.Lawsonibacter_asaccharolyticus,1718.0
Firmicutes.Monoglobus.Monoglobus_pectinilyticus,0.0
Firmicutes.Eubacterium.Eubacterium_dolichum_CAG_375,0.0
Firmicutes.Eubacterium.Eubacterium_eligens,55437.0
Firmicutes.Eubacterium.Eubacterium_hallii,3936.0
Firmicutes.Eubacterium.Eubacterium_ramulus,24518.0
Firmicutes.Eubacterium.Eubacterium_sp_CAG_180,422314.0
Firmicutes.Eubacterium.Eubacterium_sp_CAG_251,0.0
Firmicutes.Eubacterium.Eubacterium_sp_CAG_274,0.0
Firmicutes.Eubacterium.Eubacterium_sp_CAG_38,16375.0
Firmicutes.Eubacterium.Eubacterium_sp_CAG_786,0.0
Firmicutes.Eubacterium.Eubacterium_sp_OM08_24,661.0
Firmicutes.Eubacterium.Eubacterium_ventriosum,0.0
Firmicutes.Anaerostipes.Anaerostipes_hadrus,0.0
Firmicutes.Anaerotignum.Anaerotignum_lactatifermentans,0.0
Firmicutes.Blautia.Blautia_obeum,98.0
Firmicutes.Blautia.Blautia_sp_CAG_257,0.0
Firmicutes.Blautia.Blautia_wexlerae,7418.0
Firmicutes.Blautia.Ruminococcus_gnavus,0.0
Firmicutes.Blautia.Ruminococcus_torques,31508.999999999996
Firmicutes.Butyrivibrio.Butyrivibrio_crossotus,0.0
Firmicutes.Butyrivibrio.Butyrivibrio_sp_CAG_318,0.0
Firmicutes.Catonella.Catonella_morbi,0.0
Firmicutes.Coprococcus.Coprococcus_catus,4448.0
Firmicutes.Coprococcus.Coprococcus_comes,28732.000000000004
Firmicutes.Coprococcus.Coprococcus_eutactus,3071003.0
Firmicutes.Dorea.Dorea_formicigenerans,12483.0
Firmicutes.Dorea.Dorea_longicatena,7381.0
Firmicutes.Dorea.Dorea_sp_CAG_317,0.0
Firmicutes.Eisenbergiella.Eisenbergiella_massiliensis,0.0
Firmicutes.Eisenbergiella.Eisenbergiella_tayi,0.0
Firmicutes.Fusicatenibacter.Fusicatenibacter_saccharivorans,63786.0
Firmicutes.Lachnoanaerobaculum.Lachnoanaerobaculum_saburreum,0.0
Firmicutes.Lachnoanaerobaculum.Lachnoanaerobaculum_umeaense,0.0
Firmicutes.Lachnoclostridium.Clostridium_aldenense,0.0
Firmicutes.Lachnoclostridium.Clostridium_asparagiforme,0.0
Firmicutes.Lachnoclostridium.Clostridium_bolteae,0.0
Firmicutes.Lachnoclostridium.Clostridium_citroniae,0.0
Firmicutes.Lachnoclostridium.Clostridium_clostridioforme,0.0
Firmicutes.Lachnoclostridium.Clostridium_lavalense,0.0
Firmicutes.Lachnoclostridium.Clostridium_saccharolyticum,0.0
Firmicutes.Lachnoclostridium.Clostridium_symbiosum,0.0
Firmicutes.Lachnospiraceae_unclassified.Eubacterium_rectale,28919.0
Firmicutes.Lachnospiraceae_unclassified.Lachnospiraceae_bacterium_oral_taxon_096,0.0
Firmicutes.Lachnospira.Lachnospira_pectinoschiza,39238.0
Firmicutes.Oribacterium.Oribacterium_asaccharolyticum,0.0
Firmicutes.Oribacterium.Oribacterium_parvum,0.0
Firmicutes.Oribacterium.Oribacterium_sinus,0.0
Firmicutes.Oribacterium.Oribacterium_sp_oral_taxon_078,0.0
Firmicutes.Roseburia.Roseburia_faecis,574251.0
Firmicutes.Roseburia.Roseburia_hominis,23146.0
Firmicutes.Roseburia.Roseburia_intestinalis,20466.0
Firmicutes.Roseburia.Roseburia_inulinivorans,18421.0
Firmicutes.Roseburia.Roseburia_sp_CAG_182,9796.0
Firmicutes.Roseburia.Roseburia_sp_CAG_303,0.0
Firmicutes.Roseburia.Roseburia_sp_CAG_309,0.0
Firmicutes.Roseburia.Roseburia_sp_CAG_471,13.999999999999998
Firmicutes.Sellimonas.Sellimonas_intestinalis,0.0
Firmicutes.Shuttleworthia.Shuttleworthia_satelles,0.0
Firmicutes.Stomatobaculum.Stomatobaculum_longum,0.0
Firmicutes.Oscillibacter.Oscillibacter_sp_57_20,122515.0
Firmicutes.Oscillibacter.Oscillibacter_sp_CAG_241,14539.0
Firmicutes.Oscillibacter.Oscillibacter_sp_PC13,0.0
Firmicutes.Filifactor.Filifactor_alocis,0.0
Firmicutes.Intestinibacter.Intestinibacter_bartlettii,0.0
Firmicutes.Peptoanaerobacter.Eubacterium_yurii,0.0
Firmicutes.Peptoanaerobacter.Peptoanaerobacter_stomatis,0.0
Firmicutes.Peptostreptococcus.Peptostreptococcus_stomatis,0.0
Firmicutes.Romboutsia.Romboutsia_ilealis,0.0
Firmicutes.Agathobaculum.Agathobaculum_butyriciproducens,4688.0
Firmicutes.Anaerofilum.Anaerofilum_sp_An201,0.0
Firmicutes.Anaeromassilibacillus.Anaeromassilibacillus_sp_An250,0.0
Firmicutes.Anaerotruncus.Anaerotruncus_colihominis,0.0
Firmicutes.Anaerotruncus.Anaerotruncus_sp_CAG_528,0.0
Firmicutes.Faecalibacterium.Faecalibacterium_prausnitzii,1166284.0
Firmicutes.Flavonifractor.Flavonifractor_plautii,346.0
Firmicutes.Flavonifractor.Flavonifractor_sp_An100,0.0
Firmicutes.Gemmiger.Gemmiger_formicilis,9656.0
Firmicutes.Harryflintia.Harryflintia_acetispora,0.0
Firmicutes.Pseudoflavonifractor.Pseudoflavonifractor_capillosus,0.0
Firmicutes.Pseudoflavonifractor.Pseudoflavonifractor_sp_An184,0.0
Firmicutes.Ruminococcaceae_unclassified.Clostridium_leptum,0.0
Firmicutes.Ruminococcaceae_unclassified.Eubacterium_siraeum,4292.0
Firmicutes.Ruminococcaceae_unclassified.Ruminococcaceae_bacterium_D16,0.0
Firmicutes.Ruminococcaceae_unclassified.Ruminococcaceae_bacterium_D5,0.0
Firmicutes.Ruminococcus.Ruminococcus_bicirculans,40859.0
Firmicutes.Ruminococcus.Ruminococcus_bromii,0.0
Firmicutes.Ruminococcus.Ruminococcus_callidus,0.0
Firmicutes.Ruminococcus.Ruminococcus_champanellensis,0.0
Firmicutes.Ruminococcus.Ruminococcus_lactaris,9146.0
Firmicutes.Ruminococcus.Ruminococcus_obeum_CAG_39,0.0
Firmicutes.Ruminococcus.Ruminococcus_sp_CAG_330,0.0
Firmicutes.Ruminococcus.Ruminococcus_sp_CAG_403,0.0
Firmicutes.Ruminococcus.Ruminococcus_sp_CAG_488,0.0
Firmicutes.Ruminococcus.Ruminococcus_sp_CAG_563,0.0
Firmicutes.Ruthenibacterium.Ruthenibacterium_lactatiformans,1218.0
Firmicutes.Absiella.Absiella_dolichum,0.0
Firmicutes.Bulleidia.Bulleidia_extructa,0.0
Firmicutes.Catenibacterium.Catenibacterium_mitsuokai,4021.0000000000005
Firmicutes.Coprobacillus.Coprobacillus_cateniformis,0.0
Firmicutes.Dielma.Dielma_fastidiosa,0.0
Firmicutes.Eggerthia.Eggerthia_catenaformis,0.0
Firmicutes.Erysipelatoclostridium.Clostridium_innocuum,0.0
Firmicutes.Erysipelatoclostridium.Clostridium_spiroforme,0.0
Firmicutes.Erysipelatoclostridium.Erysipelatoclostridium_ramosum,0.0
Firmicutes.Holdemanella.Holdemanella_biformis,0.0
Firmicutes.Holdemania.Holdemania_filiformis,0.0
Firmicutes.Massiliomicrobiota.Massiliomicrobiota_timonensis,0.0
Firmicutes.Solobacterium.Solobacterium_moorei,0.0
Firmicutes.Turicibacter.Turicibacter_sanguinis,0.0
Firmicutes.Firmicutes_unclassified.Firmicutes_bacterium_CAG_110,1084.0
Firmicutes.Firmicutes_unclassified.Firmicutes_bacterium_CAG_145,0.0
Firmicutes.Firmicutes_unclassified.Firmicutes_bacterium_CAG_170,20347.0
Firmicutes.Firmicutes_unclassified.Firmicutes_bacterium_CAG_238,865.0
Firmicutes.Firmicutes_unclassified.Firmicutes_bacterium_CAG_534,0.0
Firmicutes.Firmicutes_unclassified.Firmicutes_bacterium_CAG_791,0.0
Firmicutes.Firmicutes_unclassified.Firmicutes_bacterium_CAG_83,1443.0
Firmicutes.Firmicutes_unclassified.Firmicutes_bacterium_CAG_94,0.0
Firmicutes.Firmicutes_unclassified.Firmicutes_bacterium_CAG_95,0.0
Firmicutes.Acidaminococcus.Acidaminococcus_fermentans,0.0
Firmicutes.Acidaminococcus.Acidaminococcus_intestini,0.0
Firmicutes.Phascolarctobacterium.Phascolarctobacterium_faecium,0.0
Firmicutes.Phascolarctobacterium.Phascolarctobacterium_sp_CAG_266,0.0
Firmicutes.Phascolarctobacterium.Phascolarctobacterium_succinatutens,0.0
Firmicutes.Centipeda.Centipeda_periodontii,0.0
Firmicutes.Megamonas.Megamonas_funiformis,0.0
Firmicutes.Megamonas.Megamonas_funiformis_CAG_377,0.0
Firmicutes.Megamonas.Megamonas_hypermegale,0.0
Firmicutes.Mitsuokella.Mitsuokella_jalaludinii,0.0
Firmicutes.Mitsuokella.Mitsuokella_multacida,0.0
Firmicutes.Mitsuokella.Mitsuokella_sp_oral_taxon_131,0.0
Firmicutes.Selenomonas.Selenomonas_artemidis,0.0
Firmicutes.Selenomonas.Selenomonas_flueggei,0.0
Firmicutes.Selenomonas.Selenomonas_infelix,0.0
Firmicutes.Selenomonas.Selenomonas_noxia,0.0
Firmicutes.Selenomonas.Selenomonas_sp_FOBRC6,0.0
Firmicutes.Selenomonas.Selenomonas_sp_oral_taxon_126,0.0
Firmicutes.Selenomonas.Selenomonas_sp_oral_taxon_138,0.0
Firmicutes.Selenomonas.Selenomonas_sp_oral_taxon_892,0.0
Firmicutes.Selenomonas.Selenomonas_sp_oral_taxon_920,0.0
Firmicutes.Selenomonas.Selenomonas_sputigena,0.0
Firmicutes.Allisonella.Allisonella_histaminiformans,0.0
Firmicutes.Anaeroglobus.Anaeroglobus_geminatus,0.0
Firmicutes.Dialister.Dialister_invisus,0.0
Firmicutes.Dialister.Dialister_micraerophilus,0.0
Firmicutes.Dialister.Dialister_pneumosintes,0.0
Firmicutes.Dialister.Dialister_sp_CAG_357,0.0
Firmicutes.Dialister.Dialister_succinatiphilus,8652.0
Firmicutes.Megasphaera.Megasphaera_elsdenii,0.0
Firmicutes.Megasphaera.Megasphaera_micronuciformis,0.0
Firmicutes.Megasphaera.Megasphaera_sp_DISK_18,0.0
Firmicutes.Veillonella.Veillonella_atypica,0.0
Firmicutes.Veillonella.Veillonella_denticariosi,0.0
Firmicutes.Veillonella.Veillonella_dispar,0.0
Firmicutes.Veillonella.Veillonella_infantium,0.0
Firmicutes.Veillonella.Veillonella_parvula,0.0
Firmicutes.Veillonella.Veillonella_rodentium,0.0
Firmicutes.Veillonella.Veillonella_rogosae,0.0
Firmicutes.Veillonella.Veillonella_sp_T11011_6,0.0
Firmicutes.Veillonella.Veillonella_tobetsuensis,0.0
Firmicutes.Parvimonas.Parvimonas_micra,0.0
Firmicutes.Tissierellia_unclassified.Bacteroides_coagulans,0.0
Fusobacteria.Fusobacterium.Fusobacterium_hwasookii,0.0
Fusobacteria.Fusobacterium.Fusobacterium_naviforme,0.0
Fusobacteria.Fusobacterium.Fusobacterium_nucleatum,0.0
Fusobacteria.Fusobacterium.Fusobacterium_periodonticum,0.0
Fusobacteria.Fusobacterium.Fusobacterium_sp_oral_taxon_370,0.0
Fusobacteria.Leptotrichia.Leptotrichia_buccalis,0.0
Fusobacteria.Leptotrichia.Leptotrichia_hofstadii,0.0
Fusobacteria.Leptotrichia.Leptotrichia_sp_oral_taxon_212,0.0
Fusobacteria.Leptotrichia.Leptotrichia_sp_oral_taxon_215,0.0
Fusobacteria.Leptotrichia.Leptotrichia_sp_oral_taxon_225,0.0
Fusobacteria.Leptotrichia.Leptotrichia_sp_oral_taxon_498,0.0
Fusobacteria.Leptotrichia.Leptotrichia_sp_oral_taxon_879,0.0
Fusobacteria.Leptotrichia.Leptotrichia_wadei,0.0
Lentisphaerae.Victivallis.Victivallis_vadensis,0.0
Proteobacteria.Paracoccus.Paracoccus_mutanolyticus,0.0
Proteobacteria.Paracoccus.Paracoccus_yeei,0.0
Proteobacteria.Alcaligenes.Alcaligenes_faecalis,0.0
Proteobacteria.Lautropia.Lautropia_mirabilis,0.0
Proteobacteria.Comamonas.Comamonas_kerstersii,0.0
Proteobacteria.Ottowia.Ottowia_sp_oral_taxon_894,0.0
Proteobacteria.Oxalobacter.Oxalobacter_formigenes,0.0
Proteobacteria.Parasutterella.Parasutterella_excrementihominis,0.0
Proteobacteria.Sutterella.Sutterella_parvirubra,0.0
Proteobacteria.Turicimonas.Turicimonas_muris,0.0
Proteobacteria.Eikenella.Eikenella_corrodens,0.0
Proteobacteria.Eikenella.Eikenella_sp_NML130454,0.0
Proteobacteria.Kingella.Kingella_denitrificans,0.0
Proteobacteria.Kingella.Kingella_kingae,0.0
Proteobacteria.Kingella.Kingella_oralis,0.0
Proteobacteria.Morococcus.Morococcus_cerebrosus,0.0
Proteobacteria.Neisseria.Neisseria_bacilliformis,0.0
Proteobacteria.Neisseria.Neisseria_cinerea,0.0
Proteobacteria.Neisseria.Neisseria_elongata,0.0
Proteobacteria.Neisseria.Neisseria_flavescens,1423.0
Proteobacteria.Neisseria.Neisseria_gonorrhoeae,0.0
Proteobacteria.Neisseria.Neisseria_macacae,0.0
Proteobacteria.Neisseria.Neisseria_mucosa,0.0
Proteobacteria.Neisseria.Neisseria_perflava,0.0
Proteobacteria.Neisseria.Neisseria_sicca,0.0
Proteobacteria.Neisseria.Neisseria_sp_HMSC064E01,0.0
Proteobacteria.Neisseria.Neisseria_sp_oral_taxon_014,0.0
Proteobacteria.Neisseria.Neisseria_subflava,0.0
Proteobacteria.Simonsiella.Simonsiella_muelleri,0.0
Proteobacteria.Desulfobulbus.Desulfobulbus_oralis,0.0
Proteobacteria.Desulfomicrobium.Desulfomicrobium_orale,0.0
Proteobacteria.Bilophila.Bilophila_wadsworthia,1472.0
Proteobacteria.Desulfovibrionaceae_unclassified.Desulfovibrionaceae_bacterium,2255.0
Proteobacteria.Desulfovibrio.Desulfovibrio_piger,0.0
Proteobacteria.Campylobacter.Campylobacter_concisus,0.0
Proteobacteria.Campylobacter.Campylobacter_gracilis,0.0
Proteobacteria.Campylobacter.Campylobacter_hominis,0.0
Proteobacteria.Campylobacter.Campylobacter_rectus,0.0
Proteobacteria.Campylobacter.Campylobacter_showae,0.0
Proteobacteria.Aeromonas.Aeromonas_media,0.0
Proteobacteria.Cardiobacterium.Cardiobacterium_hominis,0.0
Proteobacteria.Cardiobacterium.Cardiobacterium_valvarum,0.0
Proteobacteria.Enterobacter.Enterobacter_cloacae_complex,0.0
Proteobacteria.Escherichia.Escherichia_coli,7387.000000000001
Proteobacteria.Klebsiella.Klebsiella_pneumoniae,0.0
Proteobacteria.Klebsiella.Klebsiella_quasipneumoniae,0.0
Proteobacteria.Klebsiella.Klebsiella_variicola,0.0
Proteobacteria.Serratia.Serratia_liquefaciens,0.0
Proteobacteria.Aggregatibacter.Aggregatibacter_actinomycetemcomitans,0.0
Proteobacteria.Aggregatibacter.Aggregatibacter_aphrophilus,0.0
Proteobacteria.Aggregatibacter.Aggregatibacter_segnis,0.0
Proteobacteria.Aggregatibacter.Aggregatibacter_sp_oral_taxon_458,0.0
Proteobacteria.Haemophilus.Haemophilus_haemolyticus,0.0
Proteobacteria.Haemophilus.Haemophilus_influenzae,0.0
Proteobacteria.Haemophilus.Haemophilus_parahaemolyticus,0.0
Proteobacteria.Haemophilus.Haemophilus_parainfluenzae,86.99999999999999
Proteobacteria.Haemophilus.Haemophilus_paraphrohaemolyticus,0.0
Proteobacteria.Haemophilus.Haemophilus_pittmaniae,0.0
Proteobacteria.Haemophilus.Haemophilus_quentini,0.0
Proteobacteria.Haemophilus.Haemophilus_sp_C1,0.0
Proteobacteria.Haemophilus.Haemophilus_sp_HMSC71H05,44.0
Proteobacteria.Haemophilus.Haemophilus_sputorum,0.0
Proteobacteria.Acinetobacter.Acinetobacter_johnsonii,0.0
Proteobacteria.Acinetobacter.Acinetobacter_lwoffii,0.0
Proteobacteria.Moraxella.Moraxella_osloensis,0.0
Proteobacteria.Pseudomonas.Pseudomonas_fluorescens_group,0.0
Proteobacteria.Pseudomonas.Pseudomonas_fragi,0.0
Proteobacteria.Pseudomonas.Pseudomonas_soli,0.0
Proteobacteria.Proteobacteria_unclassified.Proteobacteria_bacterium_CAG_139,0.0
Spirochaetes.Treponema.Treponema_denticola,0.0
Spirochaetes.Treponema.Treponema_lecithinolyticum,0.0
Spirochaetes.Treponema.Treponema_maltophilum,0.0
Spirochaetes.Treponema.Treponema_medium,0.0
Spirochaetes.Treponema.Treponema_socranskii,0.0
Spirochaetes.Treponema.Treponema_sp_OMZ_838,0.0
Spirochaetes.Treponema.Treponema_vincentii,0.0
Synergistetes.Fretibacterium.Fretibacterium_fastidiosum,0.0
Synergistetes.Pyramidobacter.Pyramidobacter_piscolens,0.0
Verrucomicrobia.Akkermansia.Akkermansia_muciniphila,0.0
Ascomycota.Saccharomyces.Saccharomyces_cerevisiae,0.0
Basidiomycota.Malassezia.Malassezia_restricta,0.0
Eukaryota_unclassified.Blastocystis.Blastocystis_sp_subtype_1,0.0
